Time (s),Ground Truth (N),Jacobian Estimate (N),In Contact
0.0,0.0,0.0,0
0.020000000000000004,0.0,0.0,0
0.04000000000000002,0.0,0.0,0
0.06000000000000004,0.0,0.0,0
0.08000000000000006,0.0,0.0,0
0.10000000000000007,0.0,0.0,0
0.12000000000000009,0.0,0.0,0
0.1400000000000001,0.0,0.0,0
0.16000000000000011,0.0,0.0,0
0.18000000000000013,0.0,0.0,0
0.20000000000000015,0.0,0.0,0
0.22000000000000017,0.0,0.0,0
0.24000000000000019,0.0,0.0,0
0.2600000000000002,0.0,0.0,0
0.2800000000000002,0.0,0.0,0
0.3000000000000002,0.0,0.0,0
0.32000000000000023,0.0,0.0,0
0.34000000000000025,0.0,0.0,0
0.36000000000000026,0.0,0.0,0
0.3800000000000003,0.0,0.0,0
0.4000000000000003,0.0,0.0,0
0.4200000000000003,151.4681919158903,239.31547111061278,1
0.44000000000000034,43.93602356419539,16.00375527080987,1
0.46000000000000035,0.0,0.0,0
0.48000000000000037,0.0,0.0,0
0.5000000000000003,0.0,0.0,0
0.5200000000000004,0.0,0.0,0
0.5400000000000004,0.0,0.0,0
0.5600000000000004,0.0,0.0,0
0.5800000000000004,0.0,0.0,0
0.6000000000000004,0.0,0.0,0
0.6200000000000004,0.0,0.0,0
0.6400000000000005,0.0,0.0,0
0.6600000000000005,0.0,0.0,0
0.6800000000000005,0.0,0.0,0
0.7000000000000005,0.0,0.0,0
0.7200000000000005,0.0,0.0,0
0.7400000000000005,0.0,0.0,0
0.7600000000000006,0.0,0.0,0
0.7800000000000006,0.0,0.0,0
0.8000000000000006,0.0,0.0,0
0.8200000000000006,0.0,0.0,0
0.8400000000000006,0.0,0.0,0
0.8600000000000007,0.0,0.0,0
0.8800000000000007,0.0,0.0,0
0.9000000000000007,0.0,0.0,0
0.9200000000000007,0.0,0.0,0
0.9400000000000007,0.0,0.0,0
0.9600000000000007,0.0,0.0,0
0.9800000000000008,0.0,0.0,0
1.0000000000000007,0.0,0.0,0
1.0200000000000007,0.0,0.0,0
1.0400000000000007,0.0,0.0,0
1.0600000000000007,0.0,0.0,0
1.0800000000000007,0.0,0.0,0
1.1000000000000008,0.0,0.0,0
1.1200000000000008,0.0,0.0,0
1.1400000000000008,0.0,0.0,0
1.1600000000000008,0.0,0.0,0
1.1800000000000008,0.0,0.0,0
1.2000000000000008,0.0,0.0,0
1.2200000000000009,0.0,0.0,0
1.2400000000000009,0.0,0.0,0
1.260000000000001,0.0,0.0,0
1.280000000000001,0.0,0.0,0
1.300000000000001,0.0,0.0,0
1.320000000000001,0.0,0.0,0
1.340000000000001,0.0,0.0,0
1.360000000000001,0.0,0.0,0
1.380000000000001,0.0,0.0,0
1.400000000000001,0.0,0.0,0
1.420000000000001,0.0,0.0,0
1.440000000000001,0.0,0.0,0
1.460000000000001,0.0,0.0,0
1.480000000000001,0.0,0.0,0
1.500000000000001,0.0,0.0,0
1.5200000000000011,0.0,0.0,0
1.5400000000000011,0.0,0.0,0
1.5600000000000012,0.0,0.0,0
1.5800000000000012,0.0,0.0,0
1.6000000000000012,0.0,0.0,0
1.6200000000000012,0.0,0.0,0
1.6400000000000012,0.0,0.0,0
1.6600000000000013,0.0,0.0,0
1.6800000000000013,0.0,0.0,0
1.7000000000000013,0.0,0.0,0
1.7200000000000013,0.0,0.0,0
1.7400000000000013,0.0,0.0,0
1.7600000000000013,0.0,0.0,0
1.7800000000000014,0.0,0.0,0
1.8000000000000014,0.0,0.0,0
1.8200000000000014,0.0,0.0,0
1.8400000000000014,0.0,0.0,0
1.8600000000000014,0.0,0.0,0
1.8800000000000014,0.0,0.0,0
1.9000000000000015,0.0,0.0,0
1.9200000000000015,0.0,0.0,0
1.9400000000000015,0.0,0.0,0
1.9600000000000015,0.0,0.0,0
1.9800000000000015,0.0,0.0,0
2.0000000000000013,0.0,0.0,0
2.019999999999999,0.0,0.0,0
2.039999999999997,0.0,0.0,0
2.0599999999999947,0.0,0.0,0
2.0799999999999925,0.0,0.0,0
2.0999999999999903,0.0,0.0,0
2.119999999999988,0.0,0.0,0
2.139999999999986,0.0,0.0,0
2.1599999999999837,0.0,0.0,0
2.1799999999999815,0.0,0.0,0
2.1999999999999793,0.0,0.0,0
2.219999999999977,0.0,0.0,0
2.239999999999975,0.0,0.0,0
2.2599999999999727,0.0,0.0,0
2.2799999999999705,0.0,0.0,0
2.2999999999999683,0.0,0.0,0
2.319999999999966,0.0,0.0,0
2.339999999999964,0.0,0.0,0
2.3599999999999617,0.0,0.0,0
2.3799999999999595,0.0,0.0,0
2.3999999999999573,0.0,0.0,0
2.419999999999955,0.0,0.0,0
2.439999999999953,0.0,0.0,0
2.4599999999999507,0.0,0.0,0
2.4799999999999485,0.0,0.0,0
2.4999999999999463,0.0,0.0,0
2.519999999999944,0.0,0.0,0
2.539999999999942,0.0,0.0,0
2.5599999999999397,0.0,0.0,0
2.5799999999999375,0.0,0.0,0
2.5999999999999353,0.0,0.0,0
2.619999999999933,0.0,0.0,0
2.639999999999931,0.0,0.0,0
2.6599999999999286,0.0,0.0,0
2.6799999999999264,0.0,0.0,0
2.6999999999999242,0.0,0.0,0
2.719999999999922,0.0,0.0,0
2.73999999999992,0.0,0.0,0
2.7599999999999176,0.0,0.0,0
2.7799999999999154,0.0,0.0,0
2.7999999999999132,0.0,0.0,0
2.819999999999911,0.0,0.0,0
2.839999999999909,0.0,0.0,0
2.8599999999999066,0.0,0.0,0
2.8799999999999044,0.0,0.0,0
2.899999999999902,0.0,0.0,0
2.9199999999999,0.0,0.0,0
2.939999999999898,0.0,0.0,0
2.9599999999998956,0.0,0.0,0
2.9799999999998934,0.0,0.0,0
2.999999999999891,0.0,0.0,0
3.019999999999889,0.0,0.0,0
3.039999999999887,0.0,0.0,0
3.0599999999998846,0.0,0.0,0
3.0799999999998824,0.0,0.0,0
3.09999999999988,0.0,0.0,0
3.119999999999878,0.0,0.0,0
3.139999999999876,0.0,0.0,0
3.1599999999998736,0.0,0.0,0
3.1799999999998714,0.0,0.0,0
3.199999999999869,0.0,0.0,0
3.219999999999867,0.0,0.0,0
3.2399999999998648,0.0,0.0,0
3.2599999999998626,0.0,0.0,0
3.2799999999998604,0.0,0.0,0
3.299999999999858,0.0,0.0,0
3.319999999999856,0.0,0.0,0
3.3399999999998538,0.0,0.0,0
3.3599999999998515,0.0,0.0,0
3.3799999999998493,0.0,0.0,0
3.399999999999847,0.0,0.0,0
3.419999999999845,0.0,0.0,0
3.4399999999998427,0.0,0.0,0
3.4599999999998405,0.0,0.0,0
3.4799999999998383,0.0,0.0,0
3.499999999999836,0.0,0.0,0
3.519999999999834,0.0,0.0,0
3.5399999999998317,0.0,0.0,0
3.5599999999998295,0.0,0.0,0
3.5799999999998273,0.0,0.0,0
3.599999999999825,0.0,0.0,0
3.619999999999823,0.0,0.0,0
3.6399999999998207,0.0,0.0,0
3.6599999999998185,0.0,0.0,0
3.6799999999998163,0.0,0.0,0
3.699999999999814,0.0,0.0,0
3.719999999999812,0.0,0.0,0
3.7599999999998075,25.550742702128638,25.55126461021906,1
3.7799999999998053,39.90279859698535,39.90320568851306,1
3.799999999999803,46.49974459999858,46.50014208615392,1
3.819999999999801,40.07800380661867,40.078884663522565,1
3.8399999999997987,43.21105865540315,43.212127312081286,1
3.8599999999997965,19.58199590568776,50.86843631341882,1
3.8799999999997943,58.408509624723145,58.40951718165566,1
3.9399999999997877,59.2071734752607,59.208095868425595,1
3.9599999999997855,58.573334406814396,58.57449853436196,1
3.9799999999997833,16.871230272573246,56.684108605021144,1
3.999999999999781,59.009949695516,59.01098142290954,1
4.019999999999779,58.47788897724476,58.47915062946967,1
4.059999999999775,58.33866466355535,58.34000129892639,1
4.0999999999997705,58.71098092998998,58.71217811903835,1
4.179999999999762,58.49332352122164,58.494620374297774,1
4.1999999999997595,58.68348597153308,58.684743574752055,1
4.219999999999757,17.581770752980155,56.35890027578301,1
4.259999999999753,58.62879179166423,58.63010731210143,1
4.37999999999974,58.68573955168506,58.68707355884226,1
4.479999999999729,58.69793645773276,58.699328959322955,1
4.499999999999726,58.931477371655596,58.93281335526105,1
4.519999999999724,56.41852908514491,56.42112843723304,1
4.539999999999722,58.58909398336175,58.59052982300488,1
4.55999999999972,58.716428555121055,58.71784636736031,1
4.579999999999718,58.853623036034996,58.854991655607684,1
4.599999999999715,59.004587600309165,59.00594646669602,1
4.619999999999713,58.90150131677663,58.90288714640499,1
4.639999999999711,58.90776235565928,58.90915262051886,1
4.659999999999709,58.85183058090383,58.85324283221338,1
4.679999999999707,58.851812584957244,58.85324518146182,1
4.699999999999704,58.8726231192651,58.87405929470787,1
4.719999999999702,58.930034117734095,58.93145292472639,1
4.7399999999997,58.935705565398095,58.937129083333645,1
4.759999999999698,58.89033393494735,58.89178594706571,1
4.779999999999696,58.90957026566047,58.911006232367285,1
4.799999999999693,58.92969809811581,58.93113780604323,1
4.819999999999691,58.93330246929201,58.93474700682006,1
4.839999999999689,58.934651917647784,58.936100168732175,1
4.859999999999687,58.93929027084867,58.94076002533616,1
4.879999999999685,58.94397922755374,58.945413543699566,1
4.939999999999678,59.08582245258855,59.08726955228631,1
4.959999999999676,59.006225087211305,59.00769480443514,1
4.999999999999671,59.14769900567536,59.14914741621912,1
5.019999999999669,59.0241945549783,59.02567746875821,1
5.059999999999665,59.05381380703704,59.05530427906865,1
5.119999999999658,59.14465117722759,59.146134543818896,1
5.159999999999654,59.10640836368134,59.107914423313176,1
5.1799999999996515,59.21650342421265,59.21798824407916,1
5.239999999999645,59.11621565341935,59.11776075579783,1
5.259999999999643,59.164941077977325,59.16646543631337,1
5.2799999999996405,59.22375199693925,59.225255915627,1
5.299999999999638,59.30614887587052,59.307641268800225,1
5.319999999999636,59.35349981618495,59.35499280667216,1
5.399999999999627,59.38341695268483,59.384921123795735,1
5.419999999999625,59.35282053852132,59.35433006813956,1
5.439999999999623,59.332620524860516,59.33413812554062,1
5.459999999999621,59.292436202759674,59.293964604996674,1
5.4799999999996185,59.24992087532479,59.25146109964951,1
5.499999999999616,59.17608778549492,59.17766081725231,1
5.539999999999612,59.4124416480777,59.41396932095781,1
5.55999999999961,59.32181309708609,59.32335411528217,1
5.5799999999996075,59.22105173306933,59.22262157290263,1
5.619999999999603,59.39779376186339,59.39933469928979,1
5.639999999999601,59.234322497914,59.23589143822832,1
5.659999999999599,59.479219661805466,59.480763441579754,1
5.6799999999995965,59.34829570314971,59.349850803010916,1
5.719999999999592,59.4066548519136,59.40820946321544,1
5.73999999999959,59.215631581752476,59.217271157665614,1
5.759999999999588,59.418690096839406,59.420246503558296,1
5.799999999999583,59.37208200861774,59.37364998881548,1
5.819999999999581,59.47771601007982,59.47928926455504,1
5.839999999999579,59.42197240882291,59.423562055094195,1
5.8799999999995745,59.34157399742479,59.34315259436835,1
5.899999999999572,59.47528765839231,59.47686726384583,1
5.91999999999957,59.46680682485133,59.46840223744155,1
5.939999999999568,59.405076393973616,59.406684628160384,1
5.959999999999566,59.399277600262984,59.40088740079261,1
5.979999999999563,59.379131483329864,59.38074728826871,1
5.999999999999561,59.389917736410915,59.39153539451126,1
6.019999999999559,58.53558991139353,58.53688518383771,1
6.039999999999557,58.851666024579046,58.85271485665754,1
6.059999999999555,58.91099395649537,58.91184177559723,1
6.079999999999552,58.89742866688247,58.89811695456733,1
6.09999999999955,58.87341079037573,58.87397179798432,1
6.119999999999548,58.854406538152325,58.85486493624391,1
6.139999999999546,58.84153024065603,58.8419052645021,1
6.159999999999544,58.83285830081639,58.83316526349473,1
6.179999999999541,58.82658875732326,58.82684002343267,1
6.199999999999539,58.821563269666626,58.821768902358265,1
6.219999999999537,58.817127803951486,58.817296025489725,1
6.239999999999535,58.81292830023161,58.81306584078427,1
6.259999999999533,58.80877028260783,58.8088826552899,1
6.27999999999953,58.804541097791834,58.80463282030254,1
6.299999999999528,58.80017116636643,58.80024594140212,1
6.319999999999526,58.79561558421101,58.795676446933534,1
6.339999999999524,58.790845282082884,58.790894720837386,1
6.359999999999522,58.78584238347129,58.78588243864275,1
6.379999999999519,58.78059736496477,58.780629709933756,1
6.399999999999517,58.775107037373104,58.7751330448063,1
6.419999999999515,58.76937297254051,58.76939376867127,1
6.439999999999513,58.76340023527404,58.76341674434971,1
6.459999999999511,58.757196359902615,58.75720934058272,1
6.479999999999508,58.750770534490854,58.750780609657866,1
6.499999999999506,58.744132961550264,58.74414064272967,1
6.519999999999504,58.73729436627917,58.737300073646736,1
6.539999999999502,58.73026562582663,58.7302697046048,1
6.5599999999995,58.723057496022875,58.723060229919675,1
6.579999999999497,58.71568041553893,58.715682037766676,1
6.599999999999495,58.708144370694214,58.7081450730049,1
6.619999999999493,58.70045880720411,58.700458747300765,1
6.639999999999491,58.69263257788097,58.6926318854975,1
6.6599999999994886,58.68467391739436,58.684672699285215,1
6.679999999999486,58.67659043716488,58.67658878120001,1
6.699999999999484,58.66838913491174,58.66838711343827,1
6.719999999999482,58.660076414547724,58.66007408715013,1
6.73999999999948,58.65209971235034,58.65209716744675,1
6.7599999999994775,58.6457903221097,58.64578765552821,1
6.779999999999475,58.639716881121515,58.63971410033721,1
6.799999999999473,58.63472552570198,58.63472256351077,1
6.819999999999471,58.64003035308566,58.640027877094624,1
6.839999999999469,58.62497328105614,58.624969383928786,1
6.8599999999994665,58.62056896827393,58.620564740907085,1
6.879999999999464,58.63316581455468,58.63316356942618,1
6.899999999999462,58.61883951454425,58.618836151292484,1
6.91999999999946,58.62059264516425,58.62058997210099,1
6.939999999999458,58.61731173328449,58.617308994031276,1
6.9599999999994555,58.38019255960686,58.3801779607134,1
6.979999999999453,58.637382591261996,58.63738452917232,1
6.999999999999451,58.691007103040015,58.69100902262216,1
7.019999999999449,58.66632261667726,58.66632278368037,1
7.079999999999442,58.51928383800001,58.51928232079504,1
7.09999999999944,58.6575076866485,58.65751049784298,1
7.119999999999438,58.65757978848138,58.657581014126805,1
7.139999999999436,58.5888770577877,58.58887382893708,1
7.1599999999994335,58.38834461109684,58.38833468091661,1
7.179999999999431,58.612715889938805,58.61271896066037,1
7.199999999999429,58.64716951298598,58.64717180063977,1
7.219999999999427,58.37714238084576,58.377131953725154,1
7.239999999999425,58.61435391952561,58.61435800749834,1
7.2599999999994225,58.647253469135876,58.64725652228288,1
7.27999999999942,58.45194364764116,58.451940351576646,1
7.299999999999418,58.60186773571933,58.601871260791725,1
7.319999999999416,58.5132919806067,58.513284533959805,1
7.3599999999994115,58.52057800606777,58.52057500178587,1
7.419999999999405,58.377916029656284,58.37791150116571,1
7.439999999999403,58.57989890448834,58.579904243624725,1
7.4599999999994,58.39749999516496,58.39749679678931,1
7.499999999999396,58.42312146465093,58.423122423130785,1
7.539999999999392,58.467131287469286,58.46713514109695,1
7.559999999999389,58.298241219497996,58.2982326717132,1
7.599999999999385,58.39427414000636,58.39427625994575,1
7.619999999999383,58.259299298810596,58.2592806383195,1
7.639999999999381,58.47262303842427,58.47262912612747,1
7.659999999999378,58.34707234538324,58.34707320600327,1
7.679999999999376,58.23550676661566,58.235488686578,1
7.719999999999372,58.38831258437005,58.388317621520436,1
7.73999999999937,58.299708615634955,58.299708849605,1
7.759999999999367,58.18166446577428,58.181651731173716,1
7.799999999999363,58.36265466041019,58.36266063413183,1
7.819999999999361,58.2185356861535,58.218532426679985,1
7.839999999999359,58.17599057785368,58.17597466788157,1
7.859999999999356,58.16805516307705,58.168029702335716,1
7.91999999999935,58.31061055722978,58.310618280843116,1
7.939999999999348,58.25107214529583,58.251076935158636,1
7.959999999999345,58.1590628568777,58.159061652319544,1
7.979999999999343,58.102569257704,58.10255966033967,1
7.999999999999341,58.099410008063636,58.09940220300258,1
8.019999999999348,58.06431030763188,58.0643008148929,1
8.039999999999354,58.07919792237988,58.07919086405909,1
8.059999999999361,58.09266739806632,58.09266535935372,1
8.079999999999368,58.11885856092994,58.11886071615564,1
8.099999999999374,58.13107598875156,58.131080827085725,1
8.119999999999381,58.14812223367669,58.1481281067499,1
8.159999999999394,57.96740423269964,57.967379006248144,1
8.179999999999401,57.980765189207936,57.98075333091526,1
8.199999999999408,58.04233101902202,58.042334844392215,1
8.259999999999428,57.93352676788485,57.933522068776114,1
8.279999999999434,57.99400197977705,57.99400647109156,1
8.319999999999448,57.89337274059712,57.89336905175964,1
8.359999999999461,57.80967042888635,57.80965739151693,1
8.419999999999481,57.84034473161466,57.840346421875324,1
8.459999999999495,57.81441429545087,57.8144135880413,1
8.499999999999508,57.78973345622901,57.789736843015326,1
8.519999999999515,57.688487719092045,57.68847781345244,1
8.559999999999528,57.69469488143171,57.694693018108346,1
8.579999999999535,57.61869002756659,57.61866936539401,1
8.619999999999548,57.64263199044315,57.642630923949575,1
8.639999999999555,57.59999696241615,57.599989727615856,1
8.699999999999575,57.36768786883085,57.36766541781451,1
8.719999999999581,57.43095207160454,57.43091790746799,1
8.739999999999588,57.37253364681306,57.372513862958606,1
8.759999999999595,57.38366148216662,57.383643424596315,1
8.779999999999601,57.39267948213916,57.392673027432295,1
8.799999999999608,57.423188887017865,57.42318096866806,1
8.819999999999615,57.39825375707692,57.39824671819598,1
8.839999999999621,57.45549866249866,57.45550890825459,1
8.859999999999628,57.45358499407876,57.45359342913403,1
8.919999999999648,57.32334947725675,57.323337265404945,1
8.939999999999655,57.10362703767207,57.103590321550385,1
8.959999999999662,57.188118483429356,57.188105434334865,1
8.979999999999668,57.28160961089006,57.28161707907735,1
9.039999999999688,57.09595278100612,57.09594081157785,1
9.059999999999695,57.25259201963746,57.25260809596606,1
9.099999999999708,56.99564317900244,56.995630333861925,1
9.119999999999715,57.19055931258745,57.19057723854209,1
9.139999999999722,56.876081637057254,56.87605038974135,1
9.159999999999728,57.029549077685644,57.02955287165761,1
9.199999999999742,56.90334643397739,56.90334772172241,1
9.219999999999748,56.89564887955173,56.89565654204041,1
9.239999999999755,56.89360755875409,56.89361650239641,1
9.279999999999768,56.83705964061399,56.837061845541164,1
9.339999999999788,56.71119977749252,56.71118915908955,1
9.359999999999795,56.68712678184637,56.68713176458543,1
9.379999999999802,56.79086278172695,56.79088431850735,1
9.399999999999809,54.83456119190661,54.83454339215913,1
9.439999999999822,56.563017724343425,56.56301548711445,1
9.459999999999829,56.478329051872606,56.47831001342283,1
9.499999999999842,54.711627137000065,54.7116079157051,1
9.559999999999862,56.20090881941005,56.20087870605427,1
9.659999999999895,54.467589670185745,54.46755786246075,1
9.679999999999902,56.051965602946446,56.0519601210916,1
9.699999999999909,54.562855490379896,54.56284569440598,1
9.779999999999935,55.935497785709785,55.935502007811344,1
9.819999999999949,55.74000039735128,55.73997967135543,1
9.959999999999996,54.12210608504557,54.122087518558324,1
9.980000000000002,54.164013528284684,54.16400157443036,1
10.040000000000022,53.99863102817952,53.99861376177003,1
10.060000000000029,53.96848805031296,53.96845561669887,1
10.080000000000036,55.16800272889252,55.1679871861814,1
10.120000000000049,55.09995775126155,55.09994772589103,1
10.160000000000062,55.02942235356555,55.029428627301975,1
10.180000000000069,53.72936057776386,53.72933011964802,1
10.200000000000076,53.784892016296304,53.784883527478264,1
10.220000000000082,54.83642828113698,54.83641817054918,1
10.240000000000089,53.63350439630738,53.633468491359714,1
10.260000000000096,53.523367463301255,53.52331812539572,1
10.280000000000102,53.66648089370841,53.66647828863766,1
10.300000000000109,53.4812788958116,53.481237970805566,1
10.340000000000122,53.50542669131056,53.50540030555969,1
10.380000000000136,53.38030666543221,53.3802905748786,1
10.400000000000142,53.32428629820281,53.32426132613641,1
10.42000000000015,53.276151114823925,53.276120909538406,1
10.440000000000156,53.246131217232566,53.246102954541875,1
10.460000000000163,53.24217433153822,53.242155477602076,1
10.500000000000176,53.133816596549615,53.13379292792522,1
10.54000000000019,53.09724694306689,53.09723378882922,1
10.560000000000196,53.045251278061215,53.045238688410585,1
10.580000000000203,53.00375981703245,53.0037558706418,1
10.60000000000021,52.850989974607614,52.850960896029285,1
10.620000000000216,52.91114112983779,52.91112174261704,1
10.640000000000223,52.78192496998451,52.78189984333913,1
10.66000000000023,52.72145495068107,52.72143221417985,1
10.680000000000236,52.70357078645256,52.70355162566649,1
10.700000000000243,49.39263685513689,49.392703396702906,1
10.740000000000256,46.36597555901174,46.366109771124634,1
10.760000000000263,44.91381380877381,44.91397402225143,1
10.78000000000027,44.34735907333612,44.34751992150877,1
10.84000000000029,40.07841659000326,40.078577466718656,1
10.920000000000316,35.77120778256071,35.7713518359097,1
10.940000000000323,34.935172750330565,34.93531234443341,1
10.96000000000033,34.14529816804852,34.1454288550797,1
10.980000000000336,33.406689626014796,33.40680162972294,1
11.000000000000343,32.56877346453116,32.568893256971144,1
11.02000000000035,31.947504329090705,31.947600534242103,1
11.040000000000356,31.12824153752608,31.1283470682399,1
11.060000000000363,30.39761817292964,30.397718264452703,1
11.08000000000037,29.695130595358222,29.695223932996242,1
11.100000000000376,28.98869330533184,28.9887810892149,1
11.120000000000383,28.28014024309043,28.280223581633667,1
11.14000000000039,27.568175401273425,27.56825505953675,1
11.160000000000396,26.855060179902537,26.85513666411086,1
11.180000000000403,26.15093601507546,26.15100956850481,1
11.20000000000041,25.463900076026633,25.463970774235293,1
11.220000000000416,24.799002156707793,24.799069994093273,1
11.240000000000423,24.158782701647713,24.158847648520023,1
11.26000000000043,23.544039003842553,23.544101038452848,1
11.280000000000436,22.954498306681767,22.954557429903613,1
11.300000000000443,22.389309988444037,22.389366227838043,1
11.32000000000045,21.847363936168094,21.847417344334513,1
11.340000000000456,21.32747615152825,21.327526801917887,1
11.360000000000463,20.828485793749504,20.82853377577105,1
11.38000000000047,20.349298857675112,20.349344272044306,1
11.400000000000476,19.88890250811699,19.888945462850096,1
11.420000000000483,19.446364835619864,19.446405442778275,1
11.44000000000049,19.020828366063697,19.020866739210454,1
11.460000000000496,18.611501651376532,18.611537903647765,1
11.480000000000503,18.217650971683028,18.21768521436303,1
11.50000000000051,17.838592957296758,17.838625298793453,1
11.520000000000516,17.47368833732567,17.473718882457327,1
11.540000000000523,17.120608216138177,17.12063708034958,1
11.56000000000053,16.766292721143383,16.76632015584433,1
11.580000000000537,16.41236908859417,16.4123952662394,1
11.600000000000543,16.063138677910832,16.063163668332386,1
11.62000000000055,15.7200757576567,15.72009961325322,1
11.640000000000557,15.383937504846653,15.383960275429596,1
11.660000000000563,15.055061172453865,15.055082906727078,1
11.68000000000057,14.733553466900068,14.733574212115375,1
11.700000000000577,14.419399062836968,14.419418864465081,1
11.720000000000583,14.112517901230445,14.112536802821696,1
11.74000000000059,13.812795241986862,13.812813285156828,1
11.760000000000597,13.520097736386461,13.520114960863054,1
11.780000000000603,13.234282256356382,13.234298700051609,1
11.80000000000061,12.95520088306311,12.955216582151794,1
11.820000000000617,12.6827038050012,12.682718793999166,1
11.840000000000623,12.416641048196878,12.416655360035712,1
11.86000000000063,12.156863537329292,12.156877203427216,1
11.880000000000637,11.903223763485377,11.903236813814418,1
11.900000000000643,11.655576214300602,11.655588677450387,1
11.92000000000065,11.413777656642297,11.413789559880879,1
11.940000000000657,11.177687324634796,11.177698693966805,1
11.960000000000663,10.94716704510885,10.947177905331365,1
11.98000000000067,10.722081320186794,10.722091694942788,1
12.000000000000677,10.502297379450084,10.502307291279868,1
12.020000000000683,10.287688622672011,10.287698093055857,1
12.04000000000069,10.078439893311733,10.078448941620604,1
12.060000000000697,9.874645980356485,9.874654623923487,1
12.080000000000704,9.676052606701058,9.676060862827468,1
12.10000000000071,9.482422292211659,9.48243017820328,1
12.120000000000717,9.293558358803233,9.293565891677318,1
12.140000000000724,9.1092931627646,9.109300359039507,1
12.16000000000073,8.929481674960781,8.929488550533547,1
12.180000000000737,8.754293442314493,8.754300011458938,1
12.200000000000744,8.583815864898435,8.583822140273053,1
12.22000000000075,8.417810281917165,8.417816276220194,1
12.240000000000757,8.256054751850343,8.256060477840709,1
12.260000000000764,8.09836444787785,8.098369918135784,1
12.28000000000077,7.944581269134473,7.944586495888159,1
12.300000000000777,7.794565169346375,7.794570164373062,1
12.320000000000784,7.648188648010493,7.648193422587292,1
12.34000000000079,7.50533336761648,7.50533793250146,1
12.360000000000797,7.365888047265074,7.365892412696362,1
12.380000000000804,7.229747114981857,7.22975129068749,1
12.40000000000081,7.096809818057664,7.096813813271553,1
12.420000000000817,6.966979615900205,6.966983439381504,1
12.440000000000824,6.840163750757339,6.840167410811474,1
12.46000000000083,6.7162729325908375,6.716276437091129,1
12.480000000000837,6.595221098425837,6.595224454835141,1
12.500000000000844,6.476925221282666,6.476928436674506,1
12.52000000000085,6.361305152631898,6.361308233710983,1
12.540000000000857,6.248283488000093,6.248286441121991,1
12.560000000000864,6.137785448977444,6.137788280167398,1
12.58000000000087,6.029738777056431,6.029741492027235,1
12.600000000000877,5.924073636405948,5.924076240574969,1
12.620000000000884,5.820722523430546,5.820725021935844,1
12.64000000000089,5.719620181794012,5.719622579509615,1
12.660000000000897,5.620703521911439,5.620705823461739,1
12.680000000000904,5.523911544249009,5.523913754022424,1
12.70000000000091,5.4291852659034,5.429187388065253,1
12.720000000000917,5.3364676501440185,5.336469688648723,1
12.740000000000924,5.245703538630595,5.2457054972331205,1
12.76000000000093,5.156839586113039,5.156841468379778,1
12.780000000000937,5.069824197413713,5.069826006732695,1
12.800000000000944,4.984607466689811,4.98460920628038,1
12.82000000000095,4.901141118658226,4.901142791580135,1
12.840000000000957,4.8193784518764895,4.819380061038519,1
12.860000000000964,4.739274283934652,4.739275832102713,1
12.88000000000097,4.660784898485084,4.6607863882898855,1
12.900000000000977,4.583867994013945,4.583869427958194,1
12.920000000000984,4.5084826344133875,4.508484014878635,1
12.94000000000099,4.434589201147074,4.43459053040014,1
12.960000000000997,4.36214934703835,4.362150627237393,1
12.980000000001004,4.291125951693238,4.291127184893497,1
13.00000000000101,4.221483078337045,4.221484266496214,1
13.020000000001017,4.153185932228911,4.153187077212304,1
13.040000000001024,4.086200820440824,4.0862019240261445,1
13.06000000000103,4.02049511303521,4.020496176917136,1
13.080000000001037,3.956037205626746,3.9560382314212,1
13.100000000001044,3.892796483190648,3.8927974724389105,1
13.12000000000105,3.8307432851789964,3.830744239351473,1
13.140000000001058,3.769848871869932,3.7698497923698238,1
13.160000000001064,3.710085391849591,3.710086280016315,1
13.18000000000107,3.6514258507389608,3.6514267078513702,1
13.200000000001078,3.593844080941923,3.593844908221362,1
13.220000000001084,3.5373147125334907,3.537315511146709,1
13.240000000001091,3.4818131451816057,3.4818139162434623,1
13.260000000001098,3.427315521068707,3.4273162656447904,1
13.280000000001104,3.373798698803954,3.3737994179129958,1
13.300000000001111,3.32124022825009,3.321240922866284,1
13.320000000001118,3.269618326341892,3.2696189973971013,1
13.340000000001124,3.218911853695376,3.218912502081176,1
13.360000000001131,3.169100292125821,3.169100918695477,1
13.380000000001138,3.1201637229793864,3.120164328549702,1
13.400000000001144,3.072082806261835,3.0720833916149153,1
13.420000000001151,3.0248387605208054,3.024839326405715,1
13.440000000001158,2.9784133435041666,2.978413890638507,1
13.460000000001164,2.932788833474156,2.9327893625455577,1
13.480000000001171,2.8879480112751486,2.887948522942692,1
13.500000000001178,2.843874143032351,2.843874637927895,1
13.520000000001184,2.800550963498463,2.800551442227937,1
13.540000000001191,2.7579626599996603,2.7579631231442434,1
13.560000000001198,2.716093857031532,2.716094305148827,1
13.580000000001204,2.6749296013547164,2.6749300349798055,1
13.600000000001211,2.6344553477036188,2.6344557673501128,1
13.620000000001218,2.5946569449939867,2.594657351155002,1
13.640000000001224,2.5555206230696172,2.5555210162186874,1
13.660000000001231,2.517032979899546,2.5170333604915247,1
13.680000000001238,2.479180969306439,2.4791813377783183,1
13.700000000001245,2.4419518890974548,2.441952245869171,1
13.720000000001251,2.405333369685203,2.4053337151603866,1
13.740000000001258,2.3693133630856424,2.369313697652337,1
13.760000000001265,2.33388013236706,2.3338804563984077,1
13.780000000001271,2.299022241463087,2.2990225553179764,1
13.800000000001278,2.2647285453613577,2.2647288493850333,1
13.820000000001285,2.2309881806726377,2.2309884751973055,1
13.840000000001291,2.1977905565402662,2.197790841885636,1
13.860000000001298,2.165125345896489,2.165125622370309,1
13.880000000001305,2.132982476988502,2.132982744887066,1
13.900000000001311,2.101352125330639,2.101352384939283,1
13.920000000001318,2.0702247058073433,2.070224957400882,1
13.940000000001325,2.0395908651834653,2.039591109026642,1
13.960000000001331,2.009441474830912,2.009441711178818,1
13.980000000001338,1.9797676237418538,1.9797678528403189,1
